key,component,project,rule,status,resolution,severity,message,line,hash,author,effort,creation_date,update_date,jira_issue_key,start_line,end_line,start_offset,end_offset,type,organization
AXPlPulG9HyyQApxDFkP,commons-geometry:commons-geometry-core/src/test/java/org/apache/commons/geometry/core/GeometryTestUtils.java,commons-geometry,java:S5785,OPEN,,MAJOR,Use assertNotEquals instead.,131,c4eb677a83febbcd7a185ecd89144d3b,,,2020-08-13T02:35:10+0200,2020-08-13T02:35:10+0200,,131,131,15,26,CODE_SMELL,apache
AXPlPulG9HyyQApxDFkQ,commons-geometry:commons-geometry-core/src/test/java/org/apache/commons/geometry/core/GeometryTestUtils.java,commons-geometry,java:S5785,OPEN,,MAJOR,Use assertNotEquals instead.,134,6c0c68856e2835a0a3b1fe493e102fd2,,,2020-08-13T02:35:10+0200,2020-08-13T02:35:10+0200,,134,134,19,30,CODE_SMELL,apache
AXPlPulG9HyyQApxDFkR,commons-geometry:commons-geometry-core/src/test/java/org/apache/commons/geometry/core/GeometryTestUtils.java,commons-geometry,java:S5785,OPEN,,MAJOR,Use assertEquals instead.,137,ab1a83ee695f9f3f2c79c728ff102399,,,2020-08-13T02:35:10+0200,2020-08-13T02:35:10+0200,,137,137,15,25,CODE_SMELL,apache
AXMcl962hG9A4E-6nwfF,commons-geometry:commons-geometry-core/src/test/java/org/apache/commons/geometry/core/precision/EpsilonDoublePrecisionContextTest.java,commons-geometry,java:S5785,OPEN,,MAJOR,Use assertNotEquals instead.,218,6a90afbd43c7b6f88d0dbf96cdd6d5fb,,,2020-07-05T03:28:45+0200,2020-07-05T03:28:45+0200,,218,218,15,26,CODE_SMELL,apache
AXMcl962hG9A4E-6nwfG,commons-geometry:commons-geometry-core/src/test/java/org/apache/commons/geometry/core/precision/EpsilonDoublePrecisionContextTest.java,commons-geometry,java:S5785,OPEN,,MAJOR,Use assertEquals instead.,221,8fa541847a2305a034f54dc812400032,,,2020-07-05T03:28:45+0200,2020-07-05T03:28:45+0200,,221,221,15,25,CODE_SMELL,apache
AXMcl962hG9A4E-6nwfH,commons-geometry:commons-geometry-core/src/test/java/org/apache/commons/geometry/core/precision/EpsilonDoublePrecisionContextTest.java,commons-geometry,java:S5785,OPEN,,MAJOR,Use assertEquals instead.,224,2399f2b3b2ef6bb3be34932d89492902,,,2020-07-05T03:28:45+0200,2020-07-05T03:28:45+0200,,224,224,15,25,CODE_SMELL,apache
AXMcl9hFhG9A4E-6nwe_,commons-geometry:commons-geometry-euclidean/src/test/java/org/apache/commons/geometry/euclidean/oned/AffineTransformMatrix1DTest.java,commons-geometry,java:S5785,OPEN,,MAJOR,Use assertNotEquals instead.,742,6a90afbd43c7b6f88d0dbf96cdd6d5fb,,,2020-07-05T03:28:45+0200,2020-07-05T03:28:45+0200,,742,742,15,26,CODE_SMELL,apache
AXMcl9hFhG9A4E-6nwfA,commons-geometry:commons-geometry-euclidean/src/test/java/org/apache/commons/geometry/euclidean/oned/AffineTransformMatrix1DTest.java,commons-geometry,java:S5785,OPEN,,MAJOR,Use assertEquals instead.,744,8fa541847a2305a034f54dc812400032,,,2020-07-05T03:28:45+0200,2020-07-05T03:28:45+0200,,744,744,15,25,CODE_SMELL,apache
AXMcl9hFhG9A4E-6nwfB,commons-geometry:commons-geometry-euclidean/src/test/java/org/apache/commons/geometry/euclidean/oned/AffineTransformMatrix1DTest.java,commons-geometry,java:S5785,OPEN,,MAJOR,Use assertEquals instead.,747,2399f2b3b2ef6bb3be34932d89492902,,,2020-07-05T03:28:45+0200,2020-07-05T03:28:45+0200,,747,747,15,25,CODE_SMELL,apache
AXMcl9hzhG9A4E-6nwfC,commons-geometry:commons-geometry-euclidean/src/test/java/org/apache/commons/geometry/euclidean/oned/Vector1DTest.java,commons-geometry,java:S5785,OPEN,,MAJOR,Use assertNotEquals instead.,607,6a90afbd43c7b6f88d0dbf96cdd6d5fb,,,2020-07-05T03:28:45+0200,2020-07-05T03:28:45+0200,,607,607,15,26,CODE_SMELL,apache
AXMcl9hzhG9A4E-6nwfD,commons-geometry:commons-geometry-euclidean/src/test/java/org/apache/commons/geometry/euclidean/oned/Vector1DTest.java,commons-geometry,java:S5785,OPEN,,MAJOR,Use assertEquals instead.,610,8fa541847a2305a034f54dc812400032,,,2020-07-05T03:28:45+0200,2020-07-05T03:28:45+0200,,610,610,15,25,CODE_SMELL,apache
AXMcl9hzhG9A4E-6nwfE,commons-geometry:commons-geometry-euclidean/src/test/java/org/apache/commons/geometry/euclidean/oned/Vector1DTest.java,commons-geometry,java:S5785,OPEN,,MAJOR,Use assertEquals instead.,613,2399f2b3b2ef6bb3be34932d89492902,,,2020-07-05T03:28:45+0200,2020-07-05T03:28:45+0200,,613,613,15,25,CODE_SMELL,apache
AXMcl9auhG9A4E-6nwez,commons-geometry:commons-geometry-euclidean/src/test/java/org/apache/commons/geometry/euclidean/threed/AffineTransformMatrix3DTest.java,commons-geometry,java:S5785,OPEN,,MAJOR,Use assertNotEquals instead.,1199,6a90afbd43c7b6f88d0dbf96cdd6d5fb,,,2020-07-05T03:28:45+0200,2020-07-05T03:28:45+0200,,1199,1199,15,26,CODE_SMELL,apache
AXMcl9auhG9A4E-6nwe0,commons-geometry:commons-geometry-euclidean/src/test/java/org/apache/commons/geometry/euclidean/threed/AffineTransformMatrix3DTest.java,commons-geometry,java:S5785,OPEN,,MAJOR,Use assertEquals instead.,1202,8fa541847a2305a034f54dc812400032,,,2020-07-05T03:28:45+0200,2020-07-05T03:28:45+0200,,1202,1202,15,25,CODE_SMELL,apache
AXMcl9auhG9A4E-6nwe1,commons-geometry:commons-geometry-euclidean/src/test/java/org/apache/commons/geometry/euclidean/threed/AffineTransformMatrix3DTest.java,commons-geometry,java:S5785,OPEN,,MAJOR,Use assertEquals instead.,1205,2399f2b3b2ef6bb3be34932d89492902,,,2020-07-05T03:28:45+0200,2020-07-05T03:28:45+0200,,1205,1205,15,25,CODE_SMELL,apache
AXMcl9SrhG9A4E-6nweq,commons-geometry:commons-geometry-euclidean/src/test/java/org/apache/commons/geometry/euclidean/threed/SphericalCoordinatesTest.java,commons-geometry,java:S5785,OPEN,,MAJOR,Use assertNotEquals instead.,330,6a90afbd43c7b6f88d0dbf96cdd6d5fb,,,2020-07-05T03:28:45+0200,2020-07-05T03:28:45+0200,,330,330,15,26,CODE_SMELL,apache
AXMcl9SrhG9A4E-6nwer,commons-geometry:commons-geometry-euclidean/src/test/java/org/apache/commons/geometry/euclidean/threed/SphericalCoordinatesTest.java,commons-geometry,java:S5785,OPEN,,MAJOR,Use assertEquals instead.,333,8fa541847a2305a034f54dc812400032,,,2020-07-05T03:28:45+0200,2020-07-05T03:28:45+0200,,333,333,15,25,CODE_SMELL,apache
AXMcl9SrhG9A4E-6nwes,commons-geometry:commons-geometry-euclidean/src/test/java/org/apache/commons/geometry/euclidean/threed/SphericalCoordinatesTest.java,commons-geometry,java:S5785,OPEN,,MAJOR,Use assertEquals instead.,336,2399f2b3b2ef6bb3be34932d89492902,,,2020-07-05T03:28:45+0200,2020-07-05T03:28:45+0200,,336,336,15,25,CODE_SMELL,apache
AXMcl9X-hG9A4E-6nwew,commons-geometry:commons-geometry-euclidean/src/test/java/org/apache/commons/geometry/euclidean/threed/Vector3DTest.java,commons-geometry,java:S5785,OPEN,,MAJOR,Use assertNotEquals instead.,1111,6a90afbd43c7b6f88d0dbf96cdd6d5fb,,,2020-07-05T03:28:45+0200,2020-07-05T03:28:45+0200,,1111,1111,15,26,CODE_SMELL,apache
AXMcl9X-hG9A4E-6nwex,commons-geometry:commons-geometry-euclidean/src/test/java/org/apache/commons/geometry/euclidean/threed/Vector3DTest.java,commons-geometry,java:S5785,OPEN,,MAJOR,Use assertEquals instead.,1113,8fa541847a2305a034f54dc812400032,,,2020-07-05T03:28:45+0200,2020-07-05T03:28:45+0200,,1113,1113,15,25,CODE_SMELL,apache
AXMcl9X-hG9A4E-6nwey,commons-geometry:commons-geometry-euclidean/src/test/java/org/apache/commons/geometry/euclidean/threed/Vector3DTest.java,commons-geometry,java:S5785,OPEN,,MAJOR,Use assertEquals instead.,1116,2399f2b3b2ef6bb3be34932d89492902,,,2020-07-05T03:28:45+0200,2020-07-05T03:28:45+0200,,1116,1116,15,25,CODE_SMELL,apache
AXMcl9W5hG9A4E-6nwet,commons-geometry:commons-geometry-euclidean/src/test/java/org/apache/commons/geometry/euclidean/threed/rotation/AxisAngleSequenceTest.java,commons-geometry,java:S5785,OPEN,,MAJOR,Use assertNotEquals instead.,95,6a90afbd43c7b6f88d0dbf96cdd6d5fb,,,2020-07-05T03:28:45+0200,2020-07-05T03:28:45+0200,,95,95,15,26,CODE_SMELL,apache
AXMcl9W5hG9A4E-6nweu,commons-geometry:commons-geometry-euclidean/src/test/java/org/apache/commons/geometry/euclidean/threed/rotation/AxisAngleSequenceTest.java,commons-geometry,java:S5785,OPEN,,MAJOR,Use assertEquals instead.,98,8fa541847a2305a034f54dc812400032,,,2020-07-05T03:28:45+0200,2020-07-05T03:28:45+0200,,98,98,15,25,CODE_SMELL,apache
AXMcl9W5hG9A4E-6nwev,commons-geometry:commons-geometry-euclidean/src/test/java/org/apache/commons/geometry/euclidean/threed/rotation/AxisAngleSequenceTest.java,commons-geometry,java:S5785,OPEN,,MAJOR,Use assertEquals instead.,101,2399f2b3b2ef6bb3be34932d89492902,,,2020-07-05T03:28:45+0200,2020-07-05T03:28:45+0200,,101,101,15,25,CODE_SMELL,apache
AXMcl9c4hG9A4E-6nwe2,commons-geometry:commons-geometry-euclidean/src/test/java/org/apache/commons/geometry/euclidean/twod/AffineTransformMatrix2DTest.java,commons-geometry,java:S5785,OPEN,,MAJOR,Use assertNotEquals instead.,1204,6a90afbd43c7b6f88d0dbf96cdd6d5fb,,,2020-07-05T03:28:45+0200,2020-07-05T03:28:45+0200,,1204,1204,15,26,CODE_SMELL,apache
AXMcl9c4hG9A4E-6nwe3,commons-geometry:commons-geometry-euclidean/src/test/java/org/apache/commons/geometry/euclidean/twod/AffineTransformMatrix2DTest.java,commons-geometry,java:S5785,OPEN,,MAJOR,Use assertEquals instead.,1207,8fa541847a2305a034f54dc812400032,,,2020-07-05T03:28:45+0200,2020-07-05T03:28:45+0200,,1207,1207,15,25,CODE_SMELL,apache
AXMcl9c4hG9A4E-6nwe4,commons-geometry:commons-geometry-euclidean/src/test/java/org/apache/commons/geometry/euclidean/twod/AffineTransformMatrix2DTest.java,commons-geometry,java:S5785,OPEN,,MAJOR,Use assertEquals instead.,1210,2399f2b3b2ef6bb3be34932d89492902,,,2020-07-05T03:28:45+0200,2020-07-05T03:28:45+0200,,1210,1210,15,25,CODE_SMELL,apache
AXMcl9fohG9A4E-6nwe8,commons-geometry:commons-geometry-euclidean/src/test/java/org/apache/commons/geometry/euclidean/twod/PolarCoordinatesTest.java,commons-geometry,java:S5785,OPEN,,MAJOR,Use assertNotEquals instead.,263,6a90afbd43c7b6f88d0dbf96cdd6d5fb,,,2020-07-05T03:28:45+0200,2020-07-05T03:28:45+0200,,263,263,15,26,CODE_SMELL,apache
AXMcl9fohG9A4E-6nwe9,commons-geometry:commons-geometry-euclidean/src/test/java/org/apache/commons/geometry/euclidean/twod/PolarCoordinatesTest.java,commons-geometry,java:S5785,OPEN,,MAJOR,Use assertEquals instead.,265,8fa541847a2305a034f54dc812400032,,,2020-07-05T03:28:45+0200,2020-07-05T03:28:45+0200,,265,265,15,25,CODE_SMELL,apache
AXMcl9fohG9A4E-6nwe-,commons-geometry:commons-geometry-euclidean/src/test/java/org/apache/commons/geometry/euclidean/twod/PolarCoordinatesTest.java,commons-geometry,java:S5785,OPEN,,MAJOR,Use assertEquals instead.,268,2399f2b3b2ef6bb3be34932d89492902,,,2020-07-05T03:28:45+0200,2020-07-05T03:28:45+0200,,268,268,15,25,CODE_SMELL,apache
AXMcl9fKhG9A4E-6nwe5,commons-geometry:commons-geometry-euclidean/src/test/java/org/apache/commons/geometry/euclidean/twod/Vector2DTest.java,commons-geometry,java:S5785,OPEN,,MAJOR,Use assertNotEquals instead.,927,6a90afbd43c7b6f88d0dbf96cdd6d5fb,,,2020-07-05T03:28:45+0200,2020-07-05T03:28:45+0200,,927,927,15,26,CODE_SMELL,apache
AXMcl9fKhG9A4E-6nwe6,commons-geometry:commons-geometry-euclidean/src/test/java/org/apache/commons/geometry/euclidean/twod/Vector2DTest.java,commons-geometry,java:S5785,OPEN,,MAJOR,Use assertEquals instead.,929,8fa541847a2305a034f54dc812400032,,,2020-07-05T03:28:45+0200,2020-07-05T03:28:45+0200,,929,929,15,25,CODE_SMELL,apache
AXMcl9fKhG9A4E-6nwe7,commons-geometry:commons-geometry-euclidean/src/test/java/org/apache/commons/geometry/euclidean/twod/Vector2DTest.java,commons-geometry,java:S5785,OPEN,,MAJOR,Use assertEquals instead.,932,2399f2b3b2ef6bb3be34932d89492902,,,2020-07-05T03:28:45+0200,2020-07-05T03:28:45+0200,,932,932,15,25,CODE_SMELL,apache
AXMcl-HThG9A4E-6nwfI,commons-geometry:commons-geometry-spherical/src/test/java/org/apache/commons/geometry/spherical/oned/Point1STest.java,commons-geometry,java:S5785,OPEN,,MAJOR,Use assertNotEquals instead.,217,6a90afbd43c7b6f88d0dbf96cdd6d5fb,,,2020-07-05T03:28:45+0200,2020-07-05T03:28:45+0200,,217,217,15,26,CODE_SMELL,apache
AXMcl-HThG9A4E-6nwfJ,commons-geometry:commons-geometry-spherical/src/test/java/org/apache/commons/geometry/spherical/oned/Point1STest.java,commons-geometry,java:S5785,OPEN,,MAJOR,Use assertEquals instead.,220,8fa541847a2305a034f54dc812400032,,,2020-07-05T03:28:45+0200,2020-07-05T03:28:45+0200,,220,220,15,25,CODE_SMELL,apache
AXMcl-HThG9A4E-6nwfK,commons-geometry:commons-geometry-spherical/src/test/java/org/apache/commons/geometry/spherical/oned/Point1STest.java,commons-geometry,java:S5785,OPEN,,MAJOR,Use assertEquals instead.,223,2399f2b3b2ef6bb3be34932d89492902,,,2020-07-05T03:28:45+0200,2020-07-05T03:28:45+0200,,223,223,15,25,CODE_SMELL,apache
AXMRZP7wCdiKbZVOfHvg,commons-geometry:commons-geometry-hull/src/main/java/org/apache/commons/geometry/hull/euclidean/twod/AklToussaintHeuristic.java,commons-geometry,java:S2589,OPEN,,MAJOR,"Remove this expression which always evaluates to ""false""",138,c34d474b9ef101fa974370aa1b626c72,,10min,2020-07-02T23:17:23+0200,2020-07-02T23:17:23+0200,,138,138,16,32,CODE_SMELL,apache
AXJV8vyPq80TBMLDlPjq,commons-geometry:commons-geometry-spherical/src/main/java/org/apache/commons/geometry/spherical/twod/GreatCircleSubset.java,commons-geometry,common-java:DuplicatedBlocks,OPEN,,MAJOR,1 duplicated blocks of code must be removed.,,,,20min,2020-05-27T13:43:49+0200,2020-05-27T13:43:49+0200,,,,,,CODE_SMELL,apache
AXJV8vNqq80TBMLDlPjl,commons-geometry:commons-geometry-euclidean/src/main/java/org/apache/commons/geometry/euclidean/threed/AbstractConvexPolygon3D.java,commons-geometry,java:S3776,OPEN,,CRITICAL,Refactor this method to reduce its Cognitive Complexity from 20 to the 15 allowed.,296,3a053c6cbfa4edd83d84dd51c6f6f180,,10min,2020-05-27T12:57:06+0200,2020-05-27T13:43:49+0200,,296,296,36,41,CODE_SMELL,apache
AXJV8vOJq80TBMLDlPjm,commons-geometry:commons-geometry-euclidean/src/main/java/org/apache/commons/geometry/euclidean/threed/AbstractEmbeddedRegionPlaneSubset.java,commons-geometry,common-java:DuplicatedBlocks,OPEN,,MAJOR,1 duplicated blocks of code must be removed.,,,,20min,2020-05-27T12:57:06+0200,2020-05-27T13:43:49+0200,,,,,,CODE_SMELL,apache
AXJV8vOJq80TBMLDlPjn,commons-geometry:commons-geometry-euclidean/src/main/java/org/apache/commons/geometry/euclidean/threed/AbstractEmbeddedRegionPlaneSubset.java,commons-geometry,java:S4144,OPEN,,MAJOR,"Update this method so that its implementation is not identical to ""getPlane"" on line 42.",48,c25ab6fadcbb7818f6af28156a3151a8,,15min,2020-05-27T12:57:06+0200,2020-05-27T13:43:49+0200,,48,48,26,39,CODE_SMELL,apache
AXWTWRVPVdGwQP0yC7Si,commons-geometry:commons-geometry-euclidean/src/test/java/org/apache/commons/geometry/euclidean/threed/Bounds3DTest.java,commons-geometry,java:S5961,OPEN,,MAJOR,Refactor this method in order to have less than 25 assertions.,298,3fd8c86273bd5258e2b183a02a1c36b8,,,2020-05-27T12:57:06+0200,2020-11-04T14:00:12+0100,,298,298,16,32,CODE_SMELL,apache
AXHsBKXtlOHaaN_z1y8M,commons-geometry:commons-geometry-euclidean/src/main/java/org/apache/commons/geometry/euclidean/twod/LineSubset.java,commons-geometry,java:S3038,OPEN,,MINOR,"""toConvex"" is defined in the ""HyperplaneSubset"" interface and can be removed from this class.",82,2c953c12d2eb6ea958b7f3045ecf8e81,,2min,2020-05-07T00:03:32+0200,2020-05-07T00:03:32+0200,,82,83,4,54,CODE_SMELL,apache
AXHsBKcRlOHaaN_z1y8N,commons-geometry:commons-geometry-spherical/src/main/java/org/apache/commons/geometry/spherical/twod/GreatCircleSubset.java,commons-geometry,java:S3038,OPEN,,MINOR,"""toConvex"" is defined in the ""HyperplaneSubset"" interface and can be removed from this class.",110,2c953c12d2eb6ea958b7f3045ecf8e81,,2min,2020-05-07T00:03:32+0200,2020-05-07T00:03:32+0200,,110,111,4,46,CODE_SMELL,apache
AXHn1JMOoyeivziyHJZ8,commons-geometry:commons-geometry-core/src/main/java/org/apache/commons/geometry/core/partitioning/HyperplaneSubset.java,commons-geometry,java:S1452,OPEN,,CRITICAL,Remove usage of generic wildcard type.,130,67778f075e78fbd74e7080fd455ecc2a,,20min,2020-05-06T03:50:34+0200,2020-05-06T04:32:31+0200,,130,130,9,10,CODE_SMELL,apache
AXHn1JRKoyeivziyHJZ_,commons-geometry:commons-geometry-euclidean/src/main/java/org/apache/commons/geometry/euclidean/threed/line/LineConvexSubset3D.java,commons-geometry,java:S3038,OPEN,,MINOR,"""isInfinite"" is defined in the ""Sized"" interface and can be removed from this class.",39,2c953c12d2eb6ea958b7f3045ecf8e81,,2min,2020-05-06T03:50:34+0200,2020-05-06T04:32:31+0200,,39,40,4,41,CODE_SMELL,apache
AXHn1JRKoyeivziyHJaA,commons-geometry:commons-geometry-euclidean/src/main/java/org/apache/commons/geometry/euclidean/threed/line/LineConvexSubset3D.java,commons-geometry,java:S3038,OPEN,,MINOR,"""isFinite"" is defined in the ""Sized"" interface and can be removed from this class.",45,2c953c12d2eb6ea958b7f3045ecf8e81,,2min,2020-05-06T03:50:34+0200,2020-05-06T04:32:31+0200,,45,46,4,39,CODE_SMELL,apache
AXHn1JRKoyeivziyHJaB,commons-geometry:commons-geometry-euclidean/src/main/java/org/apache/commons/geometry/euclidean/threed/line/LineConvexSubset3D.java,commons-geometry,java:S3038,OPEN,,MINOR,"""getSize"" is defined in the ""Sized"" interface and can be removed from this class.",75,2c953c12d2eb6ea958b7f3045ecf8e81,,2min,2020-05-06T03:50:34+0200,2020-05-27T13:43:49+0200,,75,76,4,37,CODE_SMELL,apache
AXHn1JQ0oyeivziyHJZ9,commons-geometry:commons-geometry-euclidean/src/main/java/org/apache/commons/geometry/euclidean/threed/line/LineSpanningSubset3D.java,commons-geometry,common-java:DuplicatedBlocks,OPEN,,MAJOR,4 duplicated blocks of code must be removed.,,,,50min,2020-05-06T03:50:34+0200,2020-05-27T13:43:49+0200,,,,,,CODE_SMELL,apache
AXHn1JRnoyeivziyHJaC,commons-geometry:commons-geometry-euclidean/src/main/java/org/apache/commons/geometry/euclidean/threed/line/Ray3D.java,commons-geometry,common-java:DuplicatedBlocks,OPEN,,MAJOR,3 duplicated blocks of code must be removed.,,,,40min,2020-05-06T03:50:34+0200,2020-05-27T13:43:49+0200,,,,,,CODE_SMELL,apache
AXHn1JQ-oyeivziyHJZ-,commons-geometry:commons-geometry-euclidean/src/main/java/org/apache/commons/geometry/euclidean/threed/line/ReverseRay3D.java,commons-geometry,common-java:DuplicatedBlocks,OPEN,,MAJOR,3 duplicated blocks of code must be removed.,,,,40min,2020-05-06T03:50:34+0200,2020-05-06T04:32:31+0200,,,,,,CODE_SMELL,apache
AXHn1JT7oyeivziyHJaE,commons-geometry:commons-geometry-euclidean/src/main/java/org/apache/commons/geometry/euclidean/twod/LineSpanningSubset.java,commons-geometry,common-java:DuplicatedBlocks,OPEN,,MAJOR,3 duplicated blocks of code must be removed.,,,,40min,2020-05-06T03:50:34+0200,2020-05-06T04:32:31+0200,,,,,,CODE_SMELL,apache
AXHn1JU-oyeivziyHJaF,commons-geometry:commons-geometry-euclidean/src/main/java/org/apache/commons/geometry/euclidean/twod/Ray.java,commons-geometry,common-java:DuplicatedBlocks,OPEN,,MAJOR,3 duplicated blocks of code must be removed.,,,,40min,2020-05-06T03:50:34+0200,2020-05-06T04:32:31+0200,,,,,,CODE_SMELL,apache
AXHn1JV1oyeivziyHJaG,commons-geometry:commons-geometry-euclidean/src/main/java/org/apache/commons/geometry/euclidean/twod/ReverseRay.java,commons-geometry,common-java:DuplicatedBlocks,OPEN,,MAJOR,4 duplicated blocks of code must be removed.,,,,50min,2020-05-06T03:50:34+0200,2020-05-06T04:32:31+0200,,,,,,CODE_SMELL,apache
AXJI5JSHsXavTjh3Jkmz,commons-geometry:commons-geometry-euclidean/src/test/java/org/apache/commons/geometry/euclidean/twod/path/AbstractLinePathConnectorTest.java,commons-geometry,java:S5785,OPEN,,MAJOR,Use assertNotEquals instead.,522,ff6b286116ecac3c5ffbc4c3a7f1bb30,,,2020-05-06T03:50:34+0200,2020-05-25T00:53:13+0200,,522,522,15,26,CODE_SMELL,apache
AXJI5JSHsXavTjh3Jkm0,commons-geometry:commons-geometry-euclidean/src/test/java/org/apache/commons/geometry/euclidean/twod/path/AbstractLinePathConnectorTest.java,commons-geometry,java:S5785,OPEN,,MAJOR,Use assertNotEquals instead.,523,863a0622b569346139fa7dc3d752d509,,,2020-05-06T03:50:34+0200,2020-05-25T00:53:13+0200,,523,523,15,26,CODE_SMELL,apache
AXFSeQRD8-DvA4iWHBhz,commons-geometry:commons-geometry-euclidean/src/main/java/org/apache/commons/geometry/euclidean/AbstractNSphere.java,commons-geometry,java:S1905,OPEN,,MINOR,"Remove this unnecessary cast to ""Point"".",120,768b6cf4aea4ed808ba239b1b6740865,,5min,2020-03-30T19:20:48+0200,2020-04-07T04:29:01+0200,,120,120,30,38,CODE_SMELL,apache
AXBVtHT5DUADTDHpQ2MD,commons-geometry:pom.xml,commons-geometry,xml:S1135,OPEN,,INFO,"Complete the task associated to this ""TODO"" comment.",300,a1da9b3a3af6437147b8877f452e5c18,,,2020-02-18T01:28:38+0100,2020-02-18T01:28:38+0100,,300,300,10,61,CODE_SMELL,apache
AW-AqFRG3bGE1f9XzNWO,commons-geometry:commons-geometry-euclidean/src/main/java/org/apache/commons/geometry/euclidean/threed/line/LinecastPoint3D.java,commons-geometry,common-java:DuplicatedBlocks,OPEN,,MAJOR,1 duplicated blocks of code must be removed.,,,,20min,2020-01-04T04:30:37+0100,2020-05-06T04:32:31+0200,,,,,,CODE_SMELL,apache
AW-AqFR23bGE1f9XzNWP,commons-geometry:commons-geometry-euclidean/src/main/java/org/apache/commons/geometry/euclidean/twod/LinecastPoint2D.java,commons-geometry,common-java:DuplicatedBlocks,OPEN,,MAJOR,1 duplicated blocks of code must be removed.,,,,20min,2020-01-04T04:30:37+0100,2020-01-07T16:37:37+0100,,,,,,CODE_SMELL,apache
AW-AqFXv3bGE1f9XzNWS,commons-geometry:commons-geometry-core/src/main/java/org/apache/commons/geometry/core/partitioning/bsp/AbstractRegionBSPTree.java,commons-geometry,java:S2234,OPEN,,MAJOR,Parameters to mergeLeaf have the same names but not the same order as the method arguments.,958,9560a91c48a61959776ed5209e295dab,,5min,2019-12-24T23:42:09+0100,2020-01-07T16:37:37+0100,,958,958,28,42,CODE_SMELL,apache
AW-AqFXv3bGE1f9XzNWT,commons-geometry:commons-geometry-core/src/main/java/org/apache/commons/geometry/core/partitioning/bsp/AbstractRegionBSPTree.java,commons-geometry,java:S2234,OPEN,,MAJOR,Parameters to mergeLeaf have the same names but not the same order as the method arguments.,977,9560a91c48a61959776ed5209e295dab,,5min,2019-12-24T23:42:09+0100,2020-01-07T16:37:37+0100,,977,977,28,42,CODE_SMELL,apache
AW-AqFXv3bGE1f9XzNWU,commons-geometry:commons-geometry-core/src/main/java/org/apache/commons/geometry/core/partitioning/bsp/AbstractRegionBSPTree.java,commons-geometry,java:S2234,OPEN,,MAJOR,Parameters to mergeLeaf have the same names but not the same order as the method arguments.,1043,9560a91c48a61959776ed5209e295dab,,5min,2019-12-24T23:42:09+0100,2020-01-07T16:37:37+0100,,1043,1043,28,42,CODE_SMELL,apache
AW-AqFb63bGE1f9XzNWV,commons-geometry:commons-geometry-spherical/src/main/java/org/apache/commons/geometry/spherical/oned/Point1S.java,commons-geometry,java:S1905,CLOSED,FIXED,MINOR,"Remove this unnecessary cast to ""DoubleFunction1N"".",,703f32e67d4302ead61ae2802cb48ab0,,5min,2019-12-13T07:06:23+0100,2020-11-04T14:00:12+0100,,356,356,58,83,CODE_SMELL,apache
AXWTWRSuVdGwQP0yC7Sg,commons-geometry:commons-geometry-euclidean/src/test/java/org/apache/commons/geometry/euclidean/threed/rotation/QuaternionRotationTest.java,commons-geometry,java:S5961,OPEN,,MAJOR,Refactor this method in order to have less than 25 assertions.,1387,192bad091bf7527f68acf8c65b044d17,,,2019-11-30T04:28:42+0100,2020-11-04T14:00:12+0100,,1387,1387,16,44,CODE_SMELL,apache
AXWTWRSuVdGwQP0yC7Sh,commons-geometry:commons-geometry-euclidean/src/test/java/org/apache/commons/geometry/euclidean/threed/rotation/QuaternionRotationTest.java,commons-geometry,java:S5961,OPEN,,MAJOR,Refactor this method in order to have less than 25 assertions.,1479,49d58b294690e6c92bbfb4c7348bde4c,,,2019-11-30T04:28:42+0100,2020-11-04T14:00:12+0100,,1479,1479,16,44,CODE_SMELL,apache
AW6fuGYWKRFo5gXGPfgk,commons-geometry:commons-geometry-euclidean/src/main/java/org/apache/commons/geometry/euclidean/oned/OrientedPoint.java,commons-geometry,common-java:DuplicatedBlocks,OPEN,,MAJOR,1 duplicated blocks of code must be removed.,,,,20min,2019-11-25T00:20:53+0100,2019-11-25T00:20:53+0100,,,,,,CODE_SMELL,apache
AW6fuGYKKRFo5gXGPfgd,commons-geometry:commons-geometry-euclidean/src/main/java/org/apache/commons/geometry/euclidean/oned/Vector1D.java,commons-geometry,java:S107,OPEN,,MAJOR,"Method has 8 parameters, which is greater than 7 authorized.",389,45869c6f36b190a246359fb025ad6211,,20min,2019-11-25T00:20:53+0100,2019-11-25T00:20:53+0100,,389,389,27,44,CODE_SMELL,apache
AW6fuGXfKRFo5gXGPfgW,commons-geometry:commons-geometry-euclidean/src/main/java/org/apache/commons/geometry/euclidean/threed/Vector3D.java,commons-geometry,java:S107,OPEN,,MAJOR,"Method has 8 parameters, which is greater than 7 authorized.",735,5462a7437f45cef7d66e1f4d79bc1563,,20min,2019-11-25T00:20:53+0100,2019-11-25T00:20:53+0100,,735,735,27,44,CODE_SMELL,apache
AW6fuGZGKRFo5gXGPfgv,commons-geometry:commons-geometry-euclidean/src/main/java/org/apache/commons/geometry/euclidean/twod/Vector2D.java,commons-geometry,java:S107,OPEN,,MAJOR,"Method has 8 parameters, which is greater than 7 authorized.",666,8d2bf716c706d912c0ceca8b4ada31f4,,20min,2019-11-25T00:20:53+0100,2019-11-25T00:20:53+0100,,666,666,27,44,CODE_SMELL,apache
AXWTWRh7VdGwQP0yC7Sn,commons-geometry:commons-geometry-core/src/main/java/org/apache/commons/geometry/core/internal/IteratorTransform.java,commons-geometry,java:S5993,CLOSED,FIXED,MAJOR,"Change the visibility of this constructor to ""protected"".",,31ae4c69f2eb29f49988200e9832bcff,,2min,2019-11-24T07:04:02+0100,2020-11-05T14:40:43+0100,,41,41,4,10,CODE_SMELL,apache
AW6fuGa0KRFo5gXGPfhE,commons-geometry:commons-geometry-core/src/main/java/org/apache/commons/geometry/core/partitioning/Splittable.java,commons-geometry,java:S1452,OPEN,,CRITICAL,Remove usage of generic wildcard type.,31,ae7d0f5f6146005625d250653f32b407,,20min,2019-11-24T07:04:02+0100,2019-11-25T00:20:53+0100,,31,31,10,11,CODE_SMELL,apache
AW6fuGavKRFo5gXGPfg9,commons-geometry:commons-geometry-core/src/main/java/org/apache/commons/geometry/core/partitioning/bsp/AbstractRegionBSPTree.java,commons-geometry,java:S1452,OPEN,,CRITICAL,Remove usage of generic wildcard type.,254,bc21f896554f7c9a3a370edfe35a7591,,20min,2019-11-24T07:04:02+0100,2019-11-25T00:20:53+0100,,254,254,20,21,CODE_SMELL,apache
AW6fuGavKRFo5gXGPfg-,commons-geometry:commons-geometry-core/src/main/java/org/apache/commons/geometry/core/partitioning/bsp/AbstractRegionBSPTree.java,commons-geometry,java:S1452,OPEN,,CRITICAL,Remove usage of generic wildcard type.,277,39f4a2c25896866c40c1a5269e7d933b,,20min,2019-11-24T07:04:02+0100,2019-11-25T00:20:53+0100,,277,277,16,17,CODE_SMELL,apache
AXWTWRgAVdGwQP0yC7Sk,commons-geometry:commons-geometry-core/src/main/java/org/apache/commons/geometry/core/partitioning/bsp/BSPTreeVisitor.java,commons-geometry,java:S5993,CLOSED,FIXED,MAJOR,"Change the visibility of this constructor to ""protected"".",,efc5d00dbff0400e37c10abb6dfcfc54,,2min,2019-11-24T07:04:02+0100,2020-11-05T14:40:43+0100,,113,113,8,14,CODE_SMELL,apache
AXWTWRgAVdGwQP0yC7Sl,commons-geometry:commons-geometry-core/src/main/java/org/apache/commons/geometry/core/partitioning/bsp/BSPTreeVisitor.java,commons-geometry,java:S5993,CLOSED,FIXED,MAJOR,"Change the visibility of this constructor to ""protected"".",,24b98c442e81ef71f6b256e7d7b34324,,2min,2019-11-24T07:04:02+0100,2020-11-05T14:40:43+0100,,138,138,8,14,CODE_SMELL,apache
AXWTWRgAVdGwQP0yC7Sm,commons-geometry:commons-geometry-core/src/main/java/org/apache/commons/geometry/core/partitioning/bsp/BSPTreeVisitor.java,commons-geometry,java:S5993,CLOSED,FIXED,MAJOR,"Change the visibility of this constructor to ""protected"".",,7fd2ba4b0d7a36d808815040bd9d0eb3,,2min,2019-11-24T07:04:02+0100,2020-11-05T14:40:43+0100,,165,165,8,14,CODE_SMELL,apache
AW6fuGYQKRFo5gXGPfgf,commons-geometry:commons-geometry-euclidean/src/main/java/org/apache/commons/geometry/euclidean/oned/RegionBSPTree1D.java,commons-geometry,common-java:DuplicatedBlocks,OPEN,,MAJOR,1 duplicated blocks of code must be removed.,,,,20min,2019-11-24T07:04:02+0100,2019-11-25T00:20:53+0100,,,,,,CODE_SMELL,apache
AW6fuGYQKRFo5gXGPfgg,commons-geometry:commons-geometry-euclidean/src/main/java/org/apache/commons/geometry/euclidean/oned/RegionBSPTree1D.java,commons-geometry,java:S2589,OPEN,,MAJOR,"Remove this expression which always evaluates to ""true""",204,c7791edf00c822490aa4100f864a56a5,,10min,2019-11-24T07:04:02+0100,2019-11-25T00:20:53+0100,,204,204,29,40,CODE_SMELL,apache
AXWTWRYCVdGwQP0yC7Sj,commons-geometry:commons-geometry-euclidean/src/test/java/org/apache/commons/geometry/euclidean/oned/RegionBSPTree1DTest.java,commons-geometry,java:S5961,OPEN,,MAJOR,Refactor this method in order to have less than 25 assertions.,247,131d1d31d4703bc484794cc8deccdb4e,,,2019-11-24T07:04:02+0100,2020-11-04T14:00:12+0100,,247,247,16,45,CODE_SMELL,apache
AW6fuGdeKRFo5gXGPfhV,commons-geometry:commons-geometry-spherical/src/main/java/org/apache/commons/geometry/spherical/oned/AngularInterval.java,commons-geometry,java:S3776,OPEN,,CRITICAL,Refactor this method to reduce its Cognitive Complexity from 27 to the 15 allowed.,488,e272b513de52f575724bf6e517094b42,,17min,2019-11-24T07:04:02+0100,2019-11-25T00:20:53+0100,,488,488,29,42,CODE_SMELL,apache
AW6fuGdWKRFo5gXGPfhQ,commons-geometry:commons-geometry-spherical/src/main/java/org/apache/commons/geometry/spherical/oned/CutAngle.java,commons-geometry,common-java:DuplicatedBlocks,OPEN,,MAJOR,1 duplicated blocks of code must be removed.,,,,20min,2019-11-24T07:04:02+0100,2019-11-25T00:20:53+0100,,,,,,CODE_SMELL,apache
AW6fuGdaKRFo5gXGPfhR,commons-geometry:commons-geometry-spherical/src/main/java/org/apache/commons/geometry/spherical/oned/RegionBSPTree1S.java,commons-geometry,common-java:DuplicatedBlocks,OPEN,,MAJOR,1 duplicated blocks of code must be removed.,,,,20min,2019-11-24T07:04:02+0100,2019-11-25T00:20:53+0100,,,,,,CODE_SMELL,apache
AW102nvE7pPUWOLuxb60,commons-geometry:commons-geometry-euclidean/src/main/java/org/apache/commons/geometry/euclidean/oned/Vector1D.java,commons-geometry,common-java:DuplicatedBlocks,OPEN,,MAJOR,1 duplicated blocks of code must be removed.,,,,20min,2019-09-28T00:16:25+0200,2019-09-28T00:31:42+0200,,,,,,CODE_SMELL,apache
AW102nt37pPUWOLuxb6P,commons-geometry:commons-geometry-euclidean/src/main/java/org/apache/commons/geometry/euclidean/threed/Vector3D.java,commons-geometry,common-java:DuplicatedBlocks,OPEN,,MAJOR,1 duplicated blocks of code must be removed.,,,,20min,2019-09-27T14:22:14+0200,2019-09-28T00:31:42+0200,,,,,,CODE_SMELL,apache
AW102nv47pPUWOLuxb6-,commons-geometry:commons-geometry-euclidean/src/main/java/org/apache/commons/geometry/euclidean/twod/Vector2D.java,commons-geometry,common-java:DuplicatedBlocks,OPEN,,MAJOR,1 duplicated blocks of code must be removed.,,,,20min,2019-09-27T14:22:14+0200,2019-09-28T00:31:42+0200,,,,,,CODE_SMELL,apache
AW102nrb7pPUWOLuxb51,commons-geometry:commons-geometry-hull/src/main/java/org/apache/commons/geometry/hull/euclidean/twod/MonotoneChain.java,commons-geometry,java:S3776,OPEN,,CRITICAL,Refactor this method to reduce its Cognitive Complexity from 24 to the 15 allowed.,117,aac00d8c670dfb7852460996d4793c3e,,14min,2019-02-09T00:47:43+0100,2019-12-23T01:44:11+0100,,117,117,17,27,CODE_SMELL,apache
AW102nuP7pPUWOLuxb6i,commons-geometry:commons-geometry-euclidean/src/main/java/org/apache/commons/geometry/euclidean/threed/AffineTransformMatrix3D.java,commons-geometry,java:S107,OPEN,,MAJOR,"Constructor has 12 parameters, which is greater than 7 authorized.",101,7ac073cb364f8ac9fbefb8d597b6f343,,20min,2018-12-17T14:39:06+0100,2019-09-28T00:31:42+0200,,101,101,12,35,CODE_SMELL,apache
AW102nsf7pPUWOLuxb56,commons-geometry:commons-geometry-euclidean/src/main/java/org/apache/commons/geometry/euclidean/internal/Matrices.java,commons-geometry,java:S107,OPEN,,MAJOR,"Method has 9 parameters, which is greater than 7 authorized.",54,55fe71f1cc8ec01b35bf75a9556b8b05,,20min,2018-12-15T04:40:37+0100,2019-09-28T00:31:42+0200,,54,54,25,36,CODE_SMELL,apache
AW102ns17pPUWOLuxb58,commons-geometry:commons-geometry-euclidean/src/main/java/org/apache/commons/geometry/euclidean/threed/rotation/QuaternionRotation.java,commons-geometry,java:S2234,OPEN,,MAJOR,Parameters to getRelativeTaitBryanAngles have the same names but not the same order as the method arguments.,452,51c33be87646a5be194f8af753b15fcd,,5min,2018-12-15T04:40:37+0100,2019-09-28T00:31:42+0200,,452,452,54,75,CODE_SMELL,apache
AW102ns17pPUWOLuxb57,commons-geometry:commons-geometry-euclidean/src/main/java/org/apache/commons/geometry/euclidean/threed/rotation/QuaternionRotation.java,commons-geometry,java:S107,OPEN,,MAJOR,"Method has 9 parameters, which is greater than 7 authorized.",751,a72b39c0691db16cbca0f975d0bab352,,20min,2018-12-15T04:40:37+0100,2019-09-28T00:31:42+0200,,751,751,38,74,CODE_SMELL,apache
AW102nrG7pPUWOLuxb5y,commons-geometry:commons-geometry-hull/src/main/java/org/apache/commons/geometry/hull/euclidean/twod/AklToussaintHeuristic.java,commons-geometry,java:S3776,OPEN,,CRITICAL,Refactor this method to reduce its Cognitive Complexity from 18 to the 15 allowed.,52,45c2db6ddd940ffc97f2ce83178856f9,,8min,2018-10-18T06:44:50+0200,2019-12-23T01:44:11+0100,,52,52,39,51,CODE_SMELL,apache
AXWTWRlyVdGwQP0yC7So,commons-geometry:commons-geometry-hull/src/test/java/org/apache/commons/geometry/hull/euclidean/twod/ConvexHullGenerator2DAbstractTest.java,commons-geometry,java:S5976,OPEN,,MAJOR,Replace these 3 tests with a single Parameterized one.,143,01f169be696e7f735dddd309770f3bc5,,10min,2018-10-18T06:44:50+0200,2020-11-04T14:00:12+0100,,143,143,16,35,CODE_SMELL,apache
AXWTWRlyVdGwQP0yC7Sp,commons-geometry:commons-geometry-hull/src/test/java/org/apache/commons/geometry/hull/euclidean/twod/ConvexHullGenerator2DAbstractTest.java,commons-geometry,java:S5976,OPEN,,MAJOR,Replace these 3 tests with a single Parameterized one.,177,f6c31fb9e97357decd71dc40ab3fc02a,,10min,2018-10-18T06:44:50+0200,2020-11-04T14:00:12+0100,,177,177,16,43,CODE_SMELL,apache
AXJI5JV5sXavTjh3Jknp,commons-geometry:commons-geometry-euclidean/src/test/java/org/apache/commons/geometry/euclidean/oned/Vector1DTest.java,commons-geometry,java:S5785,OPEN,,MAJOR,Use assertNotEquals instead.,573,2ee4113911d2765ffa5b17fd768e2436,,,2018-05-21T06:38:40+0200,2020-05-25T00:53:13+0200,,573,573,15,25,CODE_SMELL,apache
AXJI5JOIsXavTjh3Jkl7,commons-geometry:commons-geometry-euclidean/src/test/java/org/apache/commons/geometry/euclidean/threed/Vector3DTest.java,commons-geometry,java:S5785,OPEN,,MAJOR,Use assertNotEquals instead.,1066,2ee4113911d2765ffa5b17fd768e2436,,,2018-05-21T06:38:40+0200,2020-05-25T00:53:13+0200,,1066,1066,15,25,CODE_SMELL,apache
AXJI5JTUsXavTjh3Jkm_,commons-geometry:commons-geometry-euclidean/src/test/java/org/apache/commons/geometry/euclidean/twod/Vector2DTest.java,commons-geometry,java:S5785,OPEN,,MAJOR,Use assertNotEquals instead.,887,2ee4113911d2765ffa5b17fd768e2436,,,2018-05-21T06:38:40+0200,2020-05-25T00:53:13+0200,,887,887,15,25,CODE_SMELL,apache
AW102n2y7pPUWOLuxb8t,commons-geometry:commons-geometry-enclosing/src/main/java/org/apache/commons/geometry/enclosing/WelzlEncloser.java,commons-geometry,java:S5413,OPEN,,MAJOR,"Verify that ""remove()"" is used correctly.",134,a291800d24549b53b7b2012cbfaa74c7,,5min,2018-04-19T05:20:56+0200,2019-09-28T00:31:42+0200,,134,134,20,54,CODE_SMELL,apache
AW102n5h7pPUWOLuxb9S,commons-geometry:pom.xml,commons-geometry,xml:S125,OPEN,,MAJOR,Remove this commented out code.,47,a4f105b95d1b1096efe804c7f264d022,,5min,2018-04-07T02:28:17+0200,2019-09-28T00:31:42+0200,,47,47,4,57,CODE_SMELL,apache
